firstname,middleinitial,lastname,country,username,city,password,department,ou
Cheryl,J,Blankenship,United States,Apoe1991,Los Angeles,P@ssw0rd1234,IT,"CN=Users,DC=final,DC=local"
Richard,E,Zeigler,United States,Sece1994,Wyoming,P@ssw0rd1234,HR,"CN=Users,DC=final,DC=local"
Arthur,K,Branham,Canada,Crence,Sudbury,P@ssw0rd1234,HELPDESK,"CN=Users,DC=final,DC=local"
Elaine,J,Rivera,United States,Whaps1988,Seattle,P@ssw0rd1234,ACCT,"CN=Users,DC=final,DC=local"
Melvin,G,Eaves,Canada,Froment,Ste Anne Des Monts,P@ssw0rd1234,IT,"CN=Users,DC=final,DC=local"
Sylvia,D,Collins,United States,Wops1978,Tulsa,P@ssw0rd1234,HR,"CN=Users,DC=final,DC=local"
Ruth,H,Coello,United States,Thichers86,Florence,P@ssw0rd1234,HELPDESK,"CN=Users,DC=final,DC=local"
Kathleen,A,Sasaki,Canada,Phrudging96,St Andre Avellin,P@ssw0rd1234,ACCT,"CN=Users,DC=final,DC=local"
Steven,M,Gustin,Canada,Thercured,Toronto,P@ssw0rd1234,IT,"CN=Users,DC=final,DC=local"
Robert,A,Nguyen,Canada,Pont1996,Brockville,P@ssw0rd1234,HR,"CN=Users,DC=final,DC=local"
Ronald,Z,Coleman,United States,Sespor,Freeport,P@ssw0rd1234,HELPDESK,"CN=Users,DC=final,DC=local"
Tracy,D,Dugas,United States,Exprod,Columbia,P@ssw0rd1234,ACCT,"CN=Users,DC=final,DC=local"
Nathan,B,Passmore,United States,Rubligod91,Winnetoon,P@ssw0rd1234,IT,"CN=Users,DC=final,DC=local"
Robert,E,Vinson,Canada,Youreand,Montreal,P@ssw0rd1234,HR,"CN=Users,DC=final,DC=local"
Josephine,D,Atkins,United States,Waintlever,Baltimore,P@ssw0rd1234,HELPDESK,"CN=Users,DC=final,DC=local"
Raymond,J,Collins,Canada,Waskeend,Toronto,P@ssw0rd1234,ACCT,"CN=Users,DC=final,DC=local"
Sharon,E,Benson,United States,Takintious89,Des Moines,P@ssw0rd1234,IT,"CN=Users,DC=final,DC=local"
William,R,Harrison,Canada,Lashass1996,Chibougamau,P@ssw0rd1234,HR,"CN=Users,DC=final,DC=local"
Geraldine,E,Whaley,Canada,Thanted,Enterprise,P@ssw0rd1234,HELPDESK,"CN=Users,DC=final,DC=local"
Derek,L,Vasquez,United States,Olenst,South Gate,P@ssw0rd1234,ACCT,"CN=Users,DC=final,DC=local"
Shelly,P,McCloud,Canada,Diferathe,Edmonton,P@ssw0rd1234,IT,"CN=Users,DC=final,DC=local"
Julianne,J,Hernandez,Canada,Wrontined,Toronto,P@ssw0rd1234,HR,"CN=Users,DC=final,DC=local"
Judy,G,Jernigan,United States,Lorm1997,Athens,P@ssw0rd1234,HELPDESK,"CN=Users,DC=final,DC=local"
Alene,A,Wilson,United States,Ereepliefor,Walpole,P@ssw0rd1234,ACCT,"CN=Users,DC=final,DC=local"
Una,C,Cook,Canada,Racclut,Sudbury,P@ssw0rd1234,IT,"CN=Users,DC=final,DC=local"
Mabel,J,Sierra,United States,Cogne1965,Brockton,P@ssw0rd1234,HR,"CN=Users,DC=final,DC=local"
Deborah,C,Dipalma,United States,Withnswo,Toledo,P@ssw0rd1234,HELPDESK,"CN=Users,DC=final,DC=local"
Steven,T,Fair,Canada,Junde1996,Toronto,P@ssw0rd1234,ACCT,"CN=Users,DC=final,DC=local"
Jina,J,Oviedo,United States,Morting,Kemah,P@ssw0rd1234,IT,"CN=Users,DC=final,DC=local"
Daphne,J,Baker,Canada,Sely1971,St Magloire,P@ssw0rd1234,HR,"CN=Users,DC=final,DC=local"
Mack,R,Cummings,Canada,Paboy1974,Vancouver,P@ssw0rd1234,HELPDESK,"CN=Users,DC=final,DC=local"
Audrey,N,Newport,United States,Makess,Roseville,P@ssw0rd1234,ACCT,"CN=Users,DC=final,DC=local"
Kathleen,W,Blake,United States,Mistant1992,Bountiful,P@ssw0rd1234,IT,"CN=Users,DC=final,DC=local"
Larry,S,Fernandez,United States,Forse1975,Bakersfield,P@ssw0rd1234,HR,"CN=Users,DC=final,DC=local"
Gary,C,Fink,Canada,Noreed,Gormley,P@ssw0rd1234,HELPDESK,"CN=Users,DC=final,DC=local"
Stephen,M,Hoopes,Canada,Whosed,Espanola,P@ssw0rd1234,ACCT,"CN=Users,DC=final,DC=local"
Joseph,F,Bell,Canada,Wallard,Ottawa,P@ssw0rd1234,IT,"CN=Users,DC=final,DC=local"
Richard,B,Marquez,United States,Vilim1979,Marysville,P@ssw0rd1234,HR,"CN=Users,DC=final,DC=local"
Blake,A,Stewart,United States,Wittleasto,Milwaukee,P@ssw0rd1234,HELPDESK,"CN=Users,DC=final,DC=local"
Ashley,J,Fulks,Canada,Antandigule,Innerkip,P@ssw0rd1234,ACCT,"CN=Users,DC=final,DC=local"
Richard,S,Oaks,United States,Hatiankin,Manchester,P@ssw0rd1234,IT,"CN=Users,DC=final,DC=local"
David,C,Sheppard,United States,Somorfuld1972,Live Oak,P@ssw0rd1234,HR,"CN=Users,DC=final,DC=local"
Lynn,J,Keene,United States,Oving1990,Pearl River,P@ssw0rd1234,HELPDESK,"CN=Users,DC=final,DC=local"
Richard,F,Byrd,Canada,Sonot1979,London,P@ssw0rd1234,ACCT,"CN=Users,DC=final,DC=local"
Patti,H,Thornton,Canada,Shaus1986,Espanola,P@ssw0rd1234,IT,"CN=Users,DC=final,DC=local"
Jonathan,R,Schulze,United States,Withentramor,Chicago,P@ssw0rd1234,HR,"CN=Users,DC=final,DC=local"
Beverly,J,Stewart,Canada,Sairy1970,Castleton,P@ssw0rd1234,HELPDESK,"CN=Users,DC=final,DC=local"
Pauline,H,Leon,Canada,Pabeggetur,Canmore,P@ssw0rd1234,ACCT,"CN=Users,DC=final,DC=local"
Ana,D,Miller,United States,Gagin1982,Oakridge,P@ssw0rd1234,IT,"CN=Users,DC=final,DC=local"
Ginger,J,Vega,Canada,Marfes65,Montreal,P@ssw0rd1234,HR,"CN=Users,DC=final,DC=local"
Edward,N,Dibella,United States,Witheing,Knight Dale,P@ssw0rd1234,HELPDESK,"CN=Users,DC=final,DC=local"
Patricia,R,Geib,Canada,Bacce1988,Toronto,P@ssw0rd1234,ACCT,"CN=Users,DC=final,DC=local"
Felicia,R,Gooding,United States,Labley,Austinburg,P@ssw0rd1234,IT,"CN=Users,DC=final,DC=local"
Jonathan,W,Gary,Canada,Houblive,Frankford,P@ssw0rd1234,HR,"CN=Users,DC=final,DC=local"
Roni,J,West,United States,Harse2000,Pittsburgh,P@ssw0rd1234,HELPDESK,"CN=Users,DC=final,DC=local"
Glenda,G,Rose,United States,Pronful,Pleasanton,P@ssw0rd1234,ACCT,"CN=Users,DC=final,DC=local"
James,D,Parker,Canada,Facten,Notre Dame De La Paix,P@ssw0rd1234,IT,"CN=Users,DC=final,DC=local"
Frank,H,Williams,United States,Thesherph,Athens,P@ssw0rd1234,HR,"CN=Users,DC=final,DC=local"
Terri,N,Neff,United States,Affhand,Richmond,P@ssw0rd1234,HELPDESK,"CN=Users,DC=final,DC=local"
Louise,E,Bolton,Canada,Blub1986,Sarnia,P@ssw0rd1234,ACCT,"CN=Users,DC=final,DC=local"
Lisa,R,Collins,United States,Wolk1996,Las Vegas,P@ssw0rd1234,IT,"CN=Users,DC=final,DC=local"
Carol,M,Eoff,Canada,Devescithhen,Halifax,P@ssw0rd1234,HR,"CN=Users,DC=final,DC=local"
Brandon,P,Turnbull,Canada,Furings,Valleyfield,P@ssw0rd1234,HELPDESK,"CN=Users,DC=final,DC=local"
Shirley,R,Ramirez,United States,Buthadou,Frazer Park,P@ssw0rd1234,ACCT,"CN=Users,DC=final,DC=local"
Eva,E,Capozzi,Canada,Beepard,Chetwynd,P@ssw0rd1234,IT,"CN=Users,DC=final,DC=local"
Wendy,J,Jones,United States,Towled1985,Lexington Park,P@ssw0rd1234,HR,"CN=Users,DC=final,DC=local"
Jason,R,Whelchel,United States,Appont,Gainesville,P@ssw0rd1234,HELPDESK,"CN=Users,DC=final,DC=local"
Jacqueline,J,Sherman,United States,Dishey,Oakland,P@ssw0rd1234,ACCT,"CN=Users,DC=final,DC=local"
Norman,D,Earley,Canada,Wourroon,Montreal,P@ssw0rd1234,IT,"CN=Users,DC=final,DC=local"
Kathy,J,Ibrahim,Canada,Soodoints,Little Britain,P@ssw0rd1234,HR,"CN=Users,DC=final,DC=local"
Mary,J,Pereda,Canada,Shmer1968,Montreal,P@ssw0rd1234,HELPDESK,"CN=Users,DC=final,DC=local"
Charles,M,Pando,United States,Crocke,Indianapolis,P@ssw0rd1234,ACCT,"CN=Users,DC=final,DC=local"
Clifford,E,Robb,Canada,Fesse1969,Haileybury,P@ssw0rd1234,IT,"CN=Users,DC=final,DC=local"
Larry,O,Horton,Canada,Whistand,Faust,P@ssw0rd1234,HR,"CN=Users,DC=final,DC=local"
Kim,R,Johnson,United States,Ladjunybox76,Westminster,P@ssw0rd1234,HELPDESK,"CN=Users,DC=final,DC=local"
Brandy,H,Cohen,Canada,Delize,Toronto,P@ssw0rd1234,ACCT,"CN=Users,DC=final,DC=local"
Elaine,G,Pinkard,Canada,Imnly1971,Burnaby,P@ssw0rd1234,IT,"CN=Users,DC=final,DC=local"
Joseph,A,Burton,United States,Wascame,Oakland,P@ssw0rd1234,HR,"CN=Users,DC=final,DC=local"
Debra,S,Peasley,Canada,Appervisrect1975,Cooksville,P@ssw0rd1234,HELPDESK,"CN=Users,DC=final,DC=local"
Floyd,P,Brown,Canada,Bler1976,Ottawa,P@ssw0rd1234,ACCT,"CN=Users,DC=final,DC=local"
Doreen,D,Gibbs,United States,Fander,Norfolk,P@ssw0rd1234,IT,"CN=Users,DC=final,DC=local"
Elsie,R,Moore,United States,Agaricy,Jacksonville,P@ssw0rd1234,HR,"CN=Users,DC=final,DC=local"
Nichole,R,Rego,Canada,Syrument,Hawkesbury,P@ssw0rd1234,HELPDESK,"CN=Users,DC=final,DC=local"
Curtis,B,Dotson,United States,Beeked,Middletown,P@ssw0rd1234,ACCT,"CN=Users,DC=final,DC=local"
Lisa,M,Hernandez,Canada,Agirdly,Hamilton,P@ssw0rd1234,IT,"CN=Users,DC=final,DC=local"
Ralph,T,Campbell,United States,Naristry,Nowata,P@ssw0rd1234,HR,"CN=Users,DC=final,DC=local"
Shaina,S,Johnson,United States,Whiso1981,Arlington,P@ssw0rd1234,HELPDESK,"CN=Users,DC=final,DC=local"
Ethan,E,Haddock,Canada,Theak1977,Richmond,P@ssw0rd1234,ACCT,"CN=Users,DC=final,DC=local"
Earline,A,Lassiter,Canada,Damers,Prince Albert,P@ssw0rd1234,IT,"CN=Users,DC=final,DC=local"
Margaret,J,Calderon,Canada,Frovessiom,Sault Ste Marie,P@ssw0rd1234,HR,"CN=Users,DC=final,DC=local"
Dorothy,C,Obryant,United States,Witheing94,Morrisville,P@ssw0rd1234,HELPDESK,"CN=Users,DC=final,DC=local"
Donna,R,Coleman,United States,Ophy1993,Twin Falls,P@ssw0rd1234,ACCT,"CN=Users,DC=final,DC=local"
Timothy,J,Conway,United States,Yous1973,Miami,P@ssw0rd1234,IT,"CN=Users,DC=final,DC=local"
Robert,V,Williams,Canada,Couser,Calgary,P@ssw0rd1234,HR,"CN=Users,DC=final,DC=local"
David,K,Castro,United States,Quiening,Fort Lauderdale,P@ssw0rd1234,HELPDESK,"CN=Users,DC=final,DC=local"
Flora,A,Rosario,United States,Werew1991,Plymouth,P@ssw0rd1234,ACCT,"CN=Users,DC=final,DC=local"
Bruce,P,Holt,United States,Lighick,Keaau,P@ssw0rd1234,IT,"CN=Users,DC=final,DC=local"
Lucille,J,Arnold,Canada,Roorithe86,Peace River,P@ssw0rd1234,HR,"CN=Users,DC=final,DC=local"
Estelle,C,Farrell,Canada,Angly1996,Fort Langley,P@ssw0rd1234,HELPDESK,"CN=Users,DC=final,DC=local"
Eusebio,A,Ainsworth,United States,Weenctiny,Snohomish,P@ssw0rd1234,ACCT,"CN=Users,DC=final,DC=local"
